ID;LANGUAGE_ID;ACRONYM;LABEL
EPP;DE;EVP;Fraktion der Europäischen Volkspartei (Christdemokraten)
EPP;FI;EPP;Euroopan kansanpuolueen ryhmä (kristillisdemokraatit)
EPP;SV;EPP;Europeiska folkpartiets grupp (kristdemokrater)
EPP;PT;PPE;Grupo do Partido Popular Europeu (Democratas-Cristãos)
EPP;BG;ЕНП;Група на Европейската народна партия (Християндемократи)
EPP;EL;ΕΛΚ;Κoιvoβoυλευτική Ομάδα τoυ Ευρωπαϊκoύ Λαϊκoύ Κόμματoς (Χριστιαvoδημoκράτες)
EPP;MT;PPE;Grupp tal-Partit Popolari Ewropew (Demokristjani)
EPP;LT;ELP;Europos liaudies partijos (krikščionių demokratų) frakcija
EPP;EN;EPP;Group of the European People's Party (Christian Democrats)
EPP;HR;EPP;Klub zastupnika Europske pučke stranke (kršćanski demokrati)
EPP;LV;ETP;Eiropas Tautas partijas (Kristīgie demokrāti) grupa
EPP;IT;PPE;Gruppo del Partito popolare europeo (Democratici cristiani)
EPP;FR;PPE;Groupe du Parti populaire européen (Démocrates-Chrétiens)
EPP;HU;EPP;Európai Néppárt (Kereszténydemokraták) képviselőcsoport
EPP;ES;PPE;Grupo del Partido Popular Europeo (Demócrata-Cristianos)
EPP;ET;ERP;Euroopa Rahvapartei (kristlike demokraatide) fraktsioon
EPP;CS;ELS;Poslanecký klub Evropské lidové strany (Křesťanských demokratů)
EPP;SK;EĽS;Poslanecký klub Európskej ľudovej strany (Kresťanských demokratov)
EPP;SL;ELS;Poslanska skupina Evropske ljudske stranke (Krščanskih demokratov)
EPP;GA;PPE;Grúpa Pháirtí an Phobail Eorpaigh (Na Daonlathaithe Críostaí)
EPP;PL;EPL;Grupa Europejskiej Partii Ludowej (Chrześcijańscy Demokraci)
EPP;DA;EPP;Det Europæiske Folkepartis Gruppe (Kristelige Demokrater)
EPP;RO;PPE;Grupul Partidului Popular European (Creștin Democrat)
EPP;NL;EVP;Fractie van de Europese Volkspartij (christendemocraten)
SD;DE;S&D;Fraktion der Progressiven Allianz der Sozialdemokraten im Europäischen Parlament
SD;FI;S&D;Euroopan parlamentin sosialistien ja demokraattien ryhmä
SD;SV;S&D;Gruppen Progressiva förbundet av Socialdemokrater i Europaparlamentet
SD;PT;S&D;Grupo da Aliança Progressista dos Socialistas e Democratas no Parlamento Europeu
SD;BG;S&D;Група на Прогресивния алианс на социалистите и демократите в Европейския парламент
SD;EL;S&D;Ομάδα της Προοδευτικής Συμμαχίας των Σοσιαλιστών και Δημοκρατών στο Ευρωπαϊκό Κοινοβούλιο
SD;MT;S&D;Grupp tal-Alleanza Progressiva tas-Soċjalisti u d-Demokratiċi fil-Parlament Ewropew
SD;LT;S&D;Europos Parlamento socialistų ir demokratų pažangiojo aljanso frakcija
SD;EN;S&D;Group of the Progressive Alliance of Socialists and Democrats in the European Parliament
SD;HR;S&D;Klub zastupnika Progresivnog saveza socijalista i demokrata u Europskom parlamentu
SD;LV;S&D;Eiropas Parlamenta sociālistu un demokrātu progresīvās alianses grupa
SD;IT;S&D;Gruppo dell'Alleanza progressista di Socialisti e Democratici al Parlamento Europeo
SD;FR;S&D;Groupe de l'Alliance Progressiste des Socialistes et Démocrates au Parlement européen
SD;HU;S&D;Szocialisták és Demokraták Progresszív Szövetsége az Európai Parlamentben képviselőcsoport
SD;ES;S&D;Grupo de la Alianza Progresista de Socialistas y Demócratas en el Parlamento Europeo
SD;ET;S&D;Sotsiaaldemokraatide ja demokraatide fraktsioon Euroopa Parlamendis
SD;CS;S&D;Skupina progresivní aliance socialistů a demokratů v Evropském parlamentu
SD;SK;S&D;Skupina progresívnej aliancie socialistov a demokratov v Európskom parlamente
SD;SL;S&D;Skupina naprednega zavezništva socialistov in demokratov v Evropskem parlamentu
SD;GA;S&D;An Grúpa d'Aontas Forchéimnitheach na Sóisialaithe agus na nDaonlathaithe i bParlaimint na hEorpa
SD;PL;S&D;Grupa Postępowego Sojuszu Socjalistów i Demokratów w Parlamencie Europejskim
SD;DA;S&D;Gruppen for Det Progressive Forbund af Socialdemokrater i Europa-Parlamentet
SD;RO;S&D;Grupul Alianței Progresiste a Socialiștilor si Democraților din Parlamentul European
SD;NL;S&D;Fractie van de Progressieve Alliantie van Socialisten en Democraten in het Europees Parlement
ECR;DE;EKR;Fraktion der Europäischen Konservativen und Reformer
ECR;FI;EKR;Euroopan konservatiivit ja reformistit
ECR;SV;ECR;Gruppen Europeiska konservativa och reformister
ECR;PT;ECR;Grupo dos Conservadores e Reformistas Europeus
ECR;BG;ЕКР;Европейски консерватори и реформисти
ECR;EL;ΕΣΜ;Ομάδα των Ευρωπαίων Συντηρητικών και Μεταρρυθμιστών
ECR;MT;ECR;Grupp tal-Konservattivi u r-Riformisti Ewropej
ECR;LT;EKR;Europos konservatorių ir reformuotojų frakcija
ECR;EN;ECR;European Conservatives and Reformists Group
ECR;HR;ECR;Europski konzervativci i reformisti
ECR;LV;EKR;Eiropas Konservatīvo un reformistu grupa
ECR;IT;ECR;Gruppo dei Conservatori e Riformisti europei
ECR;FR;ECR;Groupe des Conservateurs et Réformistes européens
ECR;HU;ECR;Európai Konzervatívok és Reformerek képviselőcsoport
ECR;ES;CRE;Grupo de los Conservadores y Reformistas Europeos
ECR;ET;ECR;Euroopa Konservatiivide ja Reformistide fraktsioon
ECR;CS;ECR;Skupina Evropských konzervativců a reformistů
ECR;SK;EKR;Európski konzervatívci a reformisti
ECR;SL;ECR;Skupina Evropskih konservativcev in reformistov
ECR;GA;ECR;An Grúpa do Choimeádaigh agus Leasaitheoirí na hEorpa
ECR;PL;EKR;Europejscy Konserwatyści i Reformatorzy
ECR;DA;EKR;De Europæiske Konservative og Reformister
ECR;RO;CRE;Grupul Conservatorilor și Reformiștilor Europeni
ECR;NL;ECR;Fractie Europese Conservatieven en Hervormers
Renew;DE;Renew Europe;Renew Europe Group
Renew;FI;Renew Europe;Uudistuva Eurooppa -ryhmä
Renew;SV;Renew Europe;Gruppen Renew Europe
Renew;PT;Renew Europe;Grupo Renew Europe
Renew;BG;Renew Europe;"Група ""Обнови Европа"""
Renew;EL;Renew Europe;Renew Europe group
Renew;MT;Renew Europe;Grupp Renew Europe
Renew;LT;Renew Europe;Frakcija „Atnaujinkime Europą“ („Renew Europe“)
Renew;EN;Renew Europe;Renew Europe Group
Renew;HR;Renew Europe;Klub zastupnika Renew Europe
Renew;LV;Renew Europe;Grupa Renew Europe
Renew;IT;Renew Europe;Gruppo Renew Europe
Renew;FR;Renew Europe;Groupe Renew Europe
Renew;HU;Renew Europe;Renew Europe képviselőcsoport
Renew;ES;Renew Europe;Grupo Renew Europe
Renew;ET;Renew Europe;Renew Europe Group
Renew;CS;Renew Europe;Skupina Renew Europe
Renew;SK;Renew Europe;Skupina Renew Europe
Renew;SL;Renew Europe;Skupina Renew Europe
Renew;GA;Renew Europe;An Grúpa Renew Europe
Renew;PL;Renew Europe;Grupa Renew Europe
Renew;DA;Renew Europe;Gruppen Renew Europe
Renew;RO;Renew Europe;Grupul Renew Europe
Renew;NL;Renew Europe;Fractie Renew Europe
Theleft;DE;The Left;Fraktion Die Linke im Europäischen Parlament - GUE/NGL
Theleft;FI;The Left;Euroopan parlamentin vasemmistoryhmä - GUE/NGL
Theleft;SV;The Left;Vänstergruppen i Europaparlamentet - GUE/NGL
Theleft;PT;The Left;Grupo da Esquerda no Parlamento Europeu - GUE/NGL
Theleft;BG;The Left;Група на левицата в Европейския парламент - GUE/NGL
Theleft;EL;The Left;Ομάδα της Αριστεράς στο Ευρωπαϊκό Κοινοβούλιο - GUE/NGL
Theleft;MT;The Left;Grupp tax-Xellug fil-Parlament Ewropew - GUE/NGL
Theleft;LT;The Left;Europos Parlamento kairiųjų frakcija - GUE/NGL
Theleft;EN;The Left;The Left group in the European Parliament - GUE/NGL
Theleft;HR;The Left;Klub zastupnika Ljevice u Europskom parlamentu - GUE/NGL
Theleft;LV;The Left;Kreiso spēku grupa Eiropas Parlamentā - GUE/NGL
Theleft;IT;The Left;Il gruppo della Sinistra al Parlamento europeo - GUE/NGL
Theleft;FR;The Left;Le groupe de la gauche au Parlement européen - GUE/NGL
Theleft;HU;The Left;Baloldal az Európai Parlamentben képviselőcsoport - GUE/NGL
Theleft;ES;The Left;"Grupo de la Izquierda en el Parlamento Europeo - GUE/NGL "
Theleft;ET;The Left;Euroopa Parlamendi Vasakpoolsete fraktsioon - GUE/NGL
Theleft;CS;The Left;Levice v Evropském parlamentu - GUE/NGL
Theleft;SK;The Left;Skupina ľavice v Európskom parlamente - GUE/NGL
Theleft;SL;The Left;Skupina Levice v Evropskem parlamentu − GUE/NGL
Theleft;GA;The Left;Grúpa na Clé i bParlaimint na hEorpa - GUE/NGL
Theleft;PL;The Left;Grupa Lewicy w Parlamencie Europejskim - GUE/NGL
Theleft;DA;The Left;Venstrefløjsgruppen i Europa-Parlamentet - GUE/NGL
Theleft;RO;The Left;Grupul Stângii din Parlamentul European - GUE/NGL
Theleft;NL;The Left;Linkse Fractie in het Europees Parlement - GUE/NGL
GREENSEFA;DE;Grüne/EFA;Fraktion der Grünen / Freie Europäische Allianz
GREENSEFA;FI;Vihreät/EVA;Vihreät / Euroopan vapaa allianssi -ryhmä
GREENSEFA;SV;Gröna/EFA;Gruppen De gröna/Europeiska fria alliansen
GREENSEFA;PT;Verdes/ALE;Grupo dos Verdes/Aliança Livre Europeia
GREENSEFA;BG;Зелените/ECA;Група на Зелените/Европейски свободен алианс
GREENSEFA;EL;Verts/ALE;Ομάδα τωv Πρασίvωv / Ευρωπαϊκή Ελεύθερη Συμμαχία
GREENSEFA;MT;Ħodor/AĦE;Grupp tal-Ħodor/Alleanza Ħielsa Ewropea
GREENSEFA;LT;Žalieji/ELA;Žaliųjų frakcija/Europos laisvasis aljansas
GREENSEFA;EN;Greens/EFA;Group of the Greens/European Free Alliance
GREENSEFA;HR;Zeleni/ESS;Klub zastupnika Zelenih/Europskog slobodnog saveza
GREENSEFA;LV;Zaļie/EBA;Zaļo un Eiropas Brīvās apvienības grupa
GREENSEFA;IT;Verts/ALE;Gruppo dei Verdi/Alleanza libera europea
GREENSEFA;FR;Verts/ALE;Groupe des Verts/Alliance libre européenne
GREENSEFA;HU;Zöldek/ESS;Zöldek/Európai Szabad Szövetség képviselőcsoport
GREENSEFA;ES;Verdes/ALE;Grupo de los Verdes/Alianza Libre Europea
GREENSEFA;ET;Rohelised/EVF;Roheliste / Euroopa Vabaliidu fraktsioon
GREENSEFA;CS;Zelení/ESA;Skupina Zelených/Evropské svobodné aliance
GREENSEFA;SK;Zelení/ESA;Skupina zelených/Európska slobodná aliancia
GREENSEFA;SL;Zeleni/ESZ;Skupina Zelenih/Evropske svobodne zveze
GREENSEFA;GA;Na Glasaigh/SCE;An Grúpa Glas/Grúpa na Saor-Chomhghuaillíochta Eorpaí
GREENSEFA;PL;Zieloni/WSE;Grupa Zielonych / Wolne Przymierze Europejskie
GREENSEFA;DA;Grønne/EFA;Gruppen De Grønne/Den Europæiske Fri Alliance
GREENSEFA;RO;Verts/ALE;Grupul Verzilor/Alianța Liberă Europeană
GREENSEFA;NL;Groenen/EVA;Fractie De Groenen/Vrije Europese Alliantie
PfE;DE;PfE;Patriots for Europe
PfE;FI;PfE;Patriots for Europe
PfE;SV;PfE;Patriots for Europe
PfE;PT;PfE;Patriots for Europe
PfE;BG;PfE;Patriots for Europe
PfE;EL;PfE;Patriots for Europe
PfE;MT;PfE;Patriots for Europe
PfE;LT;PfE;Patriots for Europe
PfE;EN;PfE;Patriots for Europe
PfE;HR;PfE;Patriots for Europe
PfE;LV;PfE;Patriots for Europe
PfE;IT;PfE;Patriots for Europe
PfE;FR;PfE;Patriots for Europe
PfE;HU;PfE;Patriots for Europe
PfE;ES;PfE;Patriots for Europe
PfE;ET;PfE;Patriots for Europe
PfE;CS;PfE;Patriots for Europe
PfE;SK;PfE;Patriots for Europe
PfE;SL;PfE;Patriots for Europe
PfE;GA;PfE;Patriots for Europe
PfE;PL;PfE;Patriots for Europe
PfE;DA;PfE;Patriots for Europe
PfE;RO;PfE;Patriots for Europe
PfE;NL;PfE;Patriots for Europe
ESN;DE;ESN;Europe of Sovereign Nations
ESN;FI;ESN;Europe of Sovereign Nations
ESN;SV;ESN;Europe of Sovereign Nations
ESN;PT;ESN;Europe of Sovereign Nations
ESN;BG;ESN;Europe of Sovereign Nations
ESN;EL;ESN;Europe of Sovereign Nations
ESN;MT;ESN;Europe of Sovereign Nations
ESN;LT;ESN;Europe of Sovereign Nations
ESN;EN;ESN;Europe of Sovereign Nations
ESN;HR;ESN;Europe of Sovereign Nations
ESN;LV;ESN;Europe of Sovereign Nations
ESN;IT;ESN;Europe of Sovereign Nations
ESN;FR;ESN;Europe of Sovereign Nations
ESN;HU;ESN;Europe of Sovereign Nations
ESN;ES;ESN;Europe of Sovereign Nations
ESN;ET;ESN;Europe of Sovereign Nations
ESN;CS;ESN;Europe of Sovereign Nations
ESN;SK;ESN;Europe of Sovereign Nations
ESN;SL;ESN;Europe of Sovereign Nations
ESN;GA;ESN;Europe of Sovereign Nations
ESN;PL;ESN;Europe of Sovereign Nations
ESN;DA;ESN;Europe of Sovereign Nations
ESN;RO;ESN;Europe of Sovereign Nations
ESN;NL;ESN;Europe of Sovereign Nations
NI;DE;NI;Fraktionslos
NI;FI;NI;Sitoutumattomat
NI;SV;NI;Grupplösa
NI;PT;NI;Não Inscritos
NI;BG;НЧ;Независими членове
NI;EL;NI;Μη Εγγεγραμμένοι
NI;MT;NI;Membri mhux affiljati
NI;LT;NI;Nepriklausomi nariai
NI;EN;NI;Non-attached Members
NI;HR;NI;Nezavisni zastupnici
NI;LV;NI;Pie politiskajām grupām nepiederošie deputāti
NI;IT;NI;Non iscritti
NI;FR;NI;Non-inscrits
NI;HU;NI;független képviselők
NI;ES;NI;No inscritos
NI;ET;NI;Fraktsioonilise kuuluvuseta parlamendiliikmed
NI;CS;NI;Nezařazení poslanci
NI;SK;NI;Nezaradení poslanci
NI;SL;NI;Samostojni poslanci
NI;GA;NI;Feisirí Neamhcheangailte
NI;PL;NI;Niezrzeszeni
NI;DA;NI;Løsgængere
NI;RO;NI;Deputați neafiliați
NI;NL;NI;Niet-fractiegebonden leden
Others;GA;Feisirí Eile;Feisirí nuathofa nach mbaineann le grúpa polaitiúil den Pharlaimint amach
Others;BG;Други членове;Новоизбрани членове, които не принадлежат към политическа група на Парламента с изтичащ мандат
Others;ES;Otros;Nuevos diputados electos que no pertenecen a un grupo político del Parlamento saliente
Others;CS;Ostatní;Nově zvolení poslanci, kteří nepatří k žádné z politických skupin bývalého Parlamentu ani k nezařazeným poslancům
Others;DA;Øvrige;Nyvalgte medlemmer, der ikke tilhører en politisk gruppe i det afgående parlament
Others;DE;Sonstige;Neue Mitglieder, die keiner Fraktion des scheidenden Parlaments angehören
Others;ET;Muud;Uued parlamendiliikmed, kes ei kuulu ühessegi ametist lahkuva parlamendikoosseisu fraktsiooni
Others;EL;Λοιποί;Νεοεκλεγέντες που δεν ανήκουν σε πολιτική ομάδα του απερχόμενου Κοινοβουλίου
Others;EN;Others;Newly elected Members not allied to any of the political groups set up in the outgoing Parliament
Others;FR;Autres;Nouveaux élus sans appartenance à un groupe politique du Parlement sortant
Others;HR;Ostali;Novoizabrani zastupnici koji ne pripadaju nijednom klubu zastupnika u Parlamentu pred kraj njegova saziva
Others;IT;Altri;Neoeletti senza appartenenza a un gruppo politico del Parlamento uscente
Others;LV;Citi;Jaunievēlēti deputāti, kas nepieder ne pie vienas no iepriekšējā Parlamenta sasaukuma politiskajām grupām
Others;LT;Kiti;Išrinkti nauji Parlamento nariai, nepriklausantys jokiai buvusios kadencijos Parlamento frakcijai
Others;HU;Egyéb képviselők;Újonnan megválasztott képviselők, akik a leköszönő Parlament egyik képviselőcsoportjához sem tartoznak
Others;MT;Oħrajn;Membri eletti ġodda bla appartenenza għal xi Grupp politiku tal-Parlament  preċedenti
Others;NL;Overigen;Nieuw gekozen leden die niet tot een fractie van het aftredend Parlement behoren
Others;PL;Inni;Nowo wybrani posłowie nieprzynależący do żadnej z grup politycznych ustępującego Parlamentu
Others;PT;Outros;Deputados recém-eleitos não filiados em qualquer dos grupos políticos do Parlamento cessante
Others;RO;Alții;Deputați nou-aleși care nu fac parte din niciun grup politic al Parlamentului care își încheie mandatul
Others;SK;Iní;Novozvolení poslanci, ktorí nepatria do nijakej politickej skupiny bývalého Parlamentu
Others;SL;Drugi;Novoizvoljeni poslanci, ki ne pripadajo nobeni politični skupini v Parlamentu z iztekajočim se mandatom
Others;FI;Muut;Uudet jäsenet, jotka eivät kuulu mihinkään kautensa päättävän parlamentin poliittiseen ryhmään
Others;SV;Övriga;Nyvalda ledamöter som inte tillhör någon politisk grupp i det avgående parlamentet
